trials,multiplications,threads,batchsize,time
10,10,1,1,3875844307
10,10,1,4,2539797545
10,10,1,8,2536003117
10,10,1,32,2680429480
10,10,1,64,2549427525
10,20,1,1,2572662351
10,20,1,4,2598773174
10,20,1,8,2632933116
10,20,1,32,2596596206
10,20,1,64,2605874417
10,30,1,1,2653053417
10,30,1,4,2645017463
10,30,1,8,2616182617
10,30,1,32,2627739607
10,30,1,64,2620309699
10,40,1,1,2706014869
10,40,1,4,2814005036
10,40,1,8,2797256952
10,40,1,32,2596818572
10,40,1,64,2666381845
10,50,1,1,2619822806
10,50,1,4,2734588135
10,50,1,8,2701744038
10,50,1,32,2718956483
10,50,1,64,2571703926
10,60,1,1,2674626960
10,60,1,4,2884336216
10,60,1,8,2665227262
10,60,1,32,2628353427
10,60,1,64,2764089469
10,70,1,1,2813152579
10,70,1,4,2659361103
10,70,1,8,2732557491
10,70,1,32,2600319611
10,70,1,64,2626855350
10,80,1,1,2755732635
10,80,1,4,2621859963
10,80,1,8,2647608637
10,80,1,32,2597597331
10,80,1,64,2592325566
10,90,1,1,2592154676
10,90,1,4,2650178231
10,90,1,8,2591891533
10,90,1,32,2646352434
10,90,1,64,2608769410
10,100,1,1,2645533470
10,100,1,4,2683118468
10,100,1,8,2642706584
10,100,1,32,2636400972
10,100,1,64,2739475701
20,10,1,1,2658347243
20,10,1,4,2651591809
20,10,1,8,2658413287
20,10,1,32,2699405358
20,10,1,64,2696459349
20,20,1,1,2683589580
20,20,1,4,2636068229
20,20,1,8,2659075107
20,20,1,32,2640046951
20,20,1,64,2716427484
20,30,1,1,2673651844
20,30,1,4,2678301985
20,30,1,8,2624768671
20,30,1,32,2714586737
20,30,1,64,2693403916
20,40,1,1,2667892756
20,40,1,4,2682226067
20,40,1,8,2709024337
20,40,1,32,2684090318
20,40,1,64,2673068824
20,50,1,1,2689715324
20,50,1,4,2670951689
20,50,1,8,2662540181
20,50,1,32,2705174597
20,50,1,64,2601949974
20,60,1,1,2676902869
20,60,1,4,2638513155
20,60,1,8,2600321242
20,60,1,32,2601807708
20,60,1,64,2706573588
20,70,1,1,2652154413
20,70,1,4,2682090147
20,70,1,8,2712374465
20,70,1,32,2699367126
20,70,1,64,2726751862
20,80,1,1,2784298436
20,80,1,4,2684552401
20,80,1,8,2733564826
20,80,1,32,2750486710
20,80,1,64,2655555805
20,90,1,1,2706208313
20,90,1,4,2704396559
20,90,1,8,2678453935
20,90,1,32,2704813520
20,90,1,64,2708110127
20,100,1,1,2750332280
20,100,1,4,2692493669
20,100,1,8,2721944054
20,100,1,32,2713113430
20,100,1,64,2711981299
30,10,1,1,2640861155
30,10,1,4,2658959121
30,10,1,8,2718625958
30,10,1,32,2625232874
30,10,1,64,2640760195
30,20,1,1,2666503806
30,20,1,4,2663206618
30,20,1,8,2724200972
30,20,1,32,2625681315
30,20,1,64,2702318385
30,30,1,1,2726116793
30,30,1,4,2635809991
30,30,1,8,2707134137
30,30,1,32,2711890569
30,30,1,64,2738429511
30,40,1,1,2706454194
30,40,1,4,2726209516
30,40,1,8,2745460142
30,40,1,32,2686028005
30,40,1,64,2637996368
30,50,1,1,2661552259
30,50,1,4,2759147806
30,50,1,8,2717859532
30,50,1,32,2686818566
30,50,1,64,2768666780
30,60,1,1,2820353677
30,60,1,4,2691410870
30,60,1,8,2668900406
30,60,1,32,2780810823
30,60,1,64,2727217324
30,70,1,1,2763230775
30,70,1,4,2699953395
30,70,1,8,2694232707
30,70,1,32,2723898867
30,70,1,64,2777365658
30,80,1,1,2809716247
30,80,1,4,2791025961
30,80,1,8,2777129846
30,80,1,32,2771283353
30,80,1,64,2795357366
30,90,1,1,2843901293
30,90,1,4,2716925001
30,90,1,8,2752528855
30,90,1,32,2740030940
30,90,1,64,2756086961
30,100,1,1,2758645615
30,100,1,4,2767330146
30,100,1,8,2831556305
30,100,1,32,2811443664
30,100,1,64,2761400938
40,10,1,1,2758896436
40,10,1,4,2699848739
40,10,1,8,2681409262
40,10,1,32,2714354796
40,10,1,64,2720781617
40,20,1,1,2678660603
40,20,1,4,2715182737
40,20,1,8,2657451336
40,20,1,32,2618894399
40,20,1,64,2604346183
40,30,1,1,2672430329
40,30,1,4,2718079985
40,30,1,8,2699396832
40,30,1,32,2665553306
40,30,1,64,2692017036
40,40,1,1,2733870950
40,40,1,4,2793208569
40,40,1,8,2745536755
40,40,1,32,2796666509
40,40,1,64,2785717755
40,50,1,1,2773491941
40,50,1,4,2808471024
40,50,1,8,2736072665
40,50,1,32,2816003266
40,50,1,64,2814758223
40,60,1,1,2752880925
40,60,1,4,2718947421
40,60,1,8,2837455948
40,60,1,32,2708442569
40,60,1,64,2705115285
40,70,1,1,2755740552
40,70,1,4,2769838415
40,70,1,8,2755991683
40,70,1,32,2816206156
40,70,1,64,2737944281
40,80,1,1,2778237260
40,80,1,4,2776870190
40,80,1,8,2800525147
40,80,1,32,2735925960
40,80,1,64,2729692611
40,90,1,1,2866488631
40,90,1,4,2908911400
40,90,1,8,2802220554
40,90,1,32,2795515011
40,90,1,64,2828749115
40,100,1,1,2797432683
40,100,1,4,2762445134
40,100,1,8,2834748856
40,100,1,32,2801418451
40,100,1,64,2788776276
50,10,1,1,2692169862
50,10,1,4,2678051582
50,10,1,8,2718022818
50,10,1,32,2667055630
50,10,1,64,2724455449
50,20,1,1,2900771540
50,20,1,4,2752344470
50,20,1,8,2685685393
50,20,1,32,2712486274
50,20,1,64,2726223312
50,30,1,1,2759484558
50,30,1,4,2820395304
50,30,1,8,2709133244
50,30,1,32,2776661228
50,30,1,64,2705320370
50,40,1,1,2837740341
50,40,1,4,2719255798
50,40,1,8,2699662941
50,40,1,32,2706507704
50,40,1,64,2723233159
50,50,1,1,2826611120
50,50,1,4,2766825852
50,50,1,8,2737194326
50,50,1,32,2729458773
50,50,1,64,2728512831
50,60,1,1,2761231290
50,60,1,4,2732746325
50,60,1,8,2743400194
50,60,1,32,2792638182
50,60,1,64,2769792309
50,70,1,1,2774127769
50,70,1,4,2770485338
50,70,1,8,2769730493
50,70,1,32,2790099515
50,70,1,64,2819215354
50,80,1,1,2860600720
50,80,1,4,2816853499
50,80,1,8,2835311030
50,80,1,32,2857623031
50,80,1,64,2895137715
50,90,1,1,2864733072
50,90,1,4,2878555318
50,90,1,8,2831040628
50,90,1,32,2862458340
50,90,1,64,2823231488
50,100,1,1,2878585715
50,100,1,4,2913392496
50,100,1,8,2827825936
50,100,1,32,2825497894
50,100,1,64,2942399381
60,10,1,1,2762264745
60,10,1,4,2836383368
60,10,1,8,2814853001
60,10,1,32,2785664466
60,10,1,64,2665728233
60,20,1,1,2685931745
60,20,1,4,2736386543
60,20,1,8,2734786064
60,20,1,32,2756929681
60,20,1,64,2717432883
60,30,1,1,2745308498
60,30,1,4,2733858026
60,30,1,8,2668936885
60,30,1,32,2668314148
60,30,1,64,2656677807
60,40,1,1,2720515539
60,40,1,4,2769924115
60,40,1,8,2711902010
60,40,1,32,2791099228
60,40,1,64,2732292272
60,50,1,1,2785215074
60,50,1,4,2757506552
60,50,1,8,2726091605
60,50,1,32,2744932724
60,50,1,64,2744318914
60,60,1,1,2816696344
60,60,1,4,2741343519
60,60,1,8,2835929378
60,60,1,32,2784507258
60,60,1,64,2759831266
60,70,1,1,2836254757
60,70,1,4,2801523417
60,70,1,8,2850415618
60,70,1,32,2822430267
60,70,1,64,2783035700
60,80,1,1,3014572158
60,80,1,4,2878606072
60,80,1,8,2878330688
60,80,1,32,2991425823
60,80,1,64,2899563307
60,90,1,1,2855847434
60,90,1,4,2834081967
60,90,1,8,2913315091
60,90,1,32,2925740410
60,90,1,64,3070013709
60,100,1,1,3057772233
60,100,1,4,2911490092
60,100,1,8,2887659294
60,100,1,32,2968742735
60,100,1,64,2908482337
70,10,1,1,2677676999
70,10,1,4,2748323918
70,10,1,8,2710511847
70,10,1,32,2663271761
70,10,1,64,2719428522
70,20,1,1,2789565665
70,20,1,4,2799841156
70,20,1,8,2687426105
70,20,1,32,2716600894
70,20,1,64,2799239569
70,30,1,1,2797987653
70,30,1,4,2746832494
70,30,1,8,2767311942
70,30,1,32,2781054308
70,30,1,64,2786468863
70,40,1,1,2789469034
70,40,1,4,2759413835
70,40,1,8,2796058890
70,40,1,32,2806304545
70,40,1,64,2817364436
70,50,1,1,2853708437
70,50,1,4,2803733408
70,50,1,8,2820584740
70,50,1,32,2834509036
70,50,1,64,2771121649
70,60,1,1,2870038261
70,60,1,4,2951781999
70,60,1,8,2831988926
70,60,1,32,2808162777
70,60,1,64,2855987196
70,70,1,1,2912765271
70,70,1,4,2862114586
70,70,1,8,2872210751
70,70,1,32,2808890480
70,70,1,64,2861870208
70,80,1,1,2944470591
70,80,1,4,2930978614
70,80,1,8,3005049797
70,80,1,32,2842108224
70,80,1,64,2895936471
70,90,1,1,3036270720
70,90,1,4,3038890548
70,90,1,8,2933396563
70,90,1,32,2928825159
70,90,1,64,2953381817
70,100,1,1,3061674916
70,100,1,4,3012074308
70,100,1,8,3017676935
70,100,1,32,2987652985
70,100,1,64,2943253090
80,10,1,1,2712225958
80,10,1,4,2685768199
80,10,1,8,2690816177
80,10,1,32,2750846844
80,10,1,64,2728152205
80,20,1,1,2751376606
80,20,1,4,2771343906
80,20,1,8,2742336329
80,20,1,32,2701725164
80,20,1,64,2748893184
80,30,1,1,2793647502
80,30,1,4,2774126258
80,30,1,8,2715445439
80,30,1,32,2759587430
80,30,1,64,2741574633
80,40,1,1,2814037383
80,40,1,4,2783646916
80,40,1,8,2795840510
80,40,1,32,2855792953
80,40,1,64,2857042835
80,50,1,1,2837950385
80,50,1,4,2816439943
80,50,1,8,2840820180
80,50,1,32,2796399258
80,50,1,64,2878711179
80,60,1,1,2918440644
80,60,1,4,2869556348
80,60,1,8,2873187631
80,60,1,32,2848321715
80,60,1,64,2831424569
80,70,1,1,2888487517
80,70,1,4,2864823852
80,70,1,8,2864151542
80,70,1,32,2848113695
80,70,1,64,2852529568
80,80,1,1,2946329954
80,80,1,4,2916643858
80,80,1,8,2906918146
80,80,1,32,2968110221
80,80,1,64,2929537544
80,90,1,1,3018688049
80,90,1,4,2972634587
80,90,1,8,2993346832
80,90,1,32,2962482477
80,90,1,64,3053238029
80,100,1,1,3033967655
80,100,1,4,3028348368
80,100,1,8,3032660957
80,100,1,32,3058532427
80,100,1,64,2963409073
90,10,1,1,2772143333
90,10,1,4,2698088030
90,10,1,8,2657707606
90,10,1,32,2716241190
90,10,1,64,2700526048
90,20,1,1,2713845161
90,20,1,4,2687656336
90,20,1,8,2767036506
90,20,1,32,2749453724
90,20,1,64,2730364250
90,30,1,1,2806363797
90,30,1,4,2742021620
90,30,1,8,2769352455
90,30,1,32,2822950832
90,30,1,64,2733930451
90,40,1,1,2839852267
90,40,1,4,2835211553
90,40,1,8,2839056737
90,40,1,32,2839044313
90,40,1,64,2772986523
90,50,1,1,2883054197
90,50,1,4,2781927143
90,50,1,8,2867457917
90,50,1,32,2830334355
90,50,1,64,2955577811
90,60,1,1,2904278572
90,60,1,4,3010829957
90,60,1,8,2998478196
90,60,1,32,2977615989
90,60,1,64,2928515158
90,70,1,1,3114701761
90,70,1,4,3015458077
90,70,1,8,2974811014
90,70,1,32,3008334542
90,70,1,64,3019721034
90,80,1,1,3049302335
90,80,1,4,2992274793
90,80,1,8,2936431561
90,80,1,32,2962842531
90,80,1,64,2925196381
90,90,1,1,2956212460
90,90,1,4,2922002688
90,90,1,8,2948131931
90,90,1,32,2909399323
90,90,1,64,2990157055
90,100,1,1,3106303360
90,100,1,4,3107655603
90,100,1,8,3107972356
90,100,1,32,3109034986
90,100,1,64,3058473073
100,10,1,1,2731814242
100,10,1,4,2785218239
100,10,1,8,2700246034
100,10,1,32,2703572725
100,10,1,64,2710953419
100,20,1,1,2761185435
100,20,1,4,2742865140
100,20,1,8,2789744757
100,20,1,32,2790952139
100,20,1,64,2959617884
100,30,1,1,2852138773
100,30,1,4,2871562374
100,30,1,8,2796536479
100,30,1,32,2846382822
100,30,1,64,2819807004
100,40,1,1,2869656013
100,40,1,4,2831859810
100,40,1,8,2854492542
100,40,1,32,2851950651
100,40,1,64,2856599257
100,50,1,1,2857799856
100,50,1,4,2861343824
100,50,1,8,2839322678
100,50,1,32,2853057564
100,50,1,64,2938732405
100,60,1,1,2999805407
100,60,1,4,2941722657
100,60,1,8,2924638737
100,60,1,32,2945633492
100,60,1,64,2981809370
100,70,1,1,3040961473
100,70,1,4,3024115801
100,70,1,8,2947445886
100,70,1,32,2986152635
100,70,1,64,2960617777
100,80,1,1,3018854015
100,80,1,4,2991200269
100,80,1,8,3079970649
100,80,1,32,2977023906
100,80,1,64,3012262870
100,90,1,1,3075702534
100,90,1,4,2967594876
100,90,1,8,2985287515
100,90,1,32,2992548194
100,90,1,64,3049284622
100,100,1,1,3123502264
100,100,1,4,3094460016
100,100,1,8,3135795279
100,100,1,32,3263137365
100,100,1,64,3205976641
100,100,1,1,3077942950
100,100,1,4,2797401321
100,100,1,8,2698971578
100,100,1,32,2623318119
100,100,1,64,2652858831
100,200,1,1,3579135763
100,200,1,4,2837026108
100,200,1,8,2684371806
100,200,1,32,2715310888
100,200,1,64,2632002112
100,300,1,1,4184503435
100,300,1,4,2934585811
100,300,1,8,2778550739
100,300,1,32,2700724531
100,300,1,64,2597813345
100,400,1,1,4420467173
100,400,1,4,2977549219
100,400,1,8,2753239958
100,400,1,32,2580204458
100,400,1,64,2556155851
100,500,1,1,5145869309
100,500,1,4,3075443149
100,500,1,8,2797951771
100,500,1,32,2597215576
100,500,1,64,2566031757
100,600,1,1,5446578177
100,600,1,4,3211214143
100,600,1,8,2875024498
100,600,1,32,2651436857
100,600,1,64,2613871869
100,700,1,1,5866524784
100,700,1,4,3329739459
100,700,1,8,2918698909
100,700,1,32,2675478722
100,700,1,64,2607404087
100,800,1,1,6471722920
100,800,1,4,3411812811
100,800,1,8,2978272224
100,800,1,32,2689807817
100,800,1,64,2631713662
100,900,1,1,6979452313
100,900,1,4,3547716452
100,900,1,8,3057712414
100,900,1,32,2696836961
100,900,1,64,2626676217
100,1000,1,1,7328538789
100,1000,1,4,3619177870
100,1000,1,8,3073743437
100,1000,1,32,2705747126
100,1000,1,64,2642969191
200,100,1,1,3610198774
200,100,1,4,2824309723
200,100,1,8,2697692132
200,100,1,32,2604841347
200,100,1,64,2613621610
200,200,1,1,4511341035
200,200,1,4,3009917718
200,200,1,8,2800153735
200,200,1,32,2620146289
200,200,1,64,2611606025
200,300,1,1,5423600675
200,300,1,4,3200514314
200,300,1,8,2882752931
200,300,1,32,2652279115
200,300,1,64,2618479557
200,400,1,1,6391042748
200,400,1,4,3461178889
200,400,1,8,3017726329
200,400,1,32,2705197295
200,400,1,64,2646993586
200,500,1,1,7306358421
200,500,1,4,3638184564
200,500,1,8,3114951528
200,500,1,32,2709292968
200,500,1,64,2653144656
200,600,1,1,8531034575
200,600,1,4,3837200569
200,600,1,8,3302173044
200,600,1,32,2699901320
200,600,1,64,2692769143
200,700,1,1,9235213505
200,700,1,4,4046563590
200,700,1,8,3338287046
200,700,1,32,2803412388
200,700,1,64,2683344362
200,800,1,1,10632746674
200,800,1,4,4408162730
200,800,1,8,3549568139
200,800,1,32,2854765488
200,800,1,64,2838414587
200,900,1,1,11284625761
200,900,1,4,4759808488
200,900,1,8,3700951661
200,900,1,32,2884080618
200,900,1,64,2691969425
200,1000,1,1,12563038339
200,1000,1,4,4779404818
200,1000,1,8,3664390953
200,1000,1,32,2901135988
200,1000,1,64,2760474146
300,100,1,1,4350466129
300,100,1,4,3060037860
300,100,1,8,2852475911
300,100,1,32,2713821197
300,100,1,64,2701616651
300,200,1,1,5663310529
300,200,1,4,3364305572
300,200,1,8,2976687587
300,200,1,32,2748141109
300,200,1,64,2678305235
300,300,1,1,7455181418
300,300,1,4,3569889346
300,300,1,8,3075533880
300,300,1,32,2776713397
300,300,1,64,2718678634
300,400,1,1,8760945267
300,400,1,4,3938773959
300,400,1,8,3231229556
300,400,1,32,2752331116
300,400,1,64,2622750978
300,500,1,1,9554304578
300,500,1,4,4097214496
300,500,1,8,3322611269
300,500,1,32,2759831432
300,500,1,64,2629267971
300,600,1,1,11058684132
300,600,1,4,4621217435
300,600,1,8,3624726141
300,600,1,32,2842962174
300,600,1,64,2699589606
300,700,1,1,13020363858
300,700,1,4,4820809307
300,700,1,8,3751416428
300,700,1,32,2921369931
300,700,1,64,2727268630
300,800,1,1,15544455820
300,800,1,4,5353302916
300,800,1,8,3958716295
300,800,1,32,2911180248
300,800,1,64,2711798728
300,900,1,1,15870028244
300,900,1,4,5522074801
300,900,1,8,4004649376
300,900,1,32,3027696974
300,900,1,64,2828499499
300,1000,1,1,17313146521
300,1000,1,4,5713190641
300,1000,1,8,4330575579
300,1000,1,32,2984605044
300,1000,1,64,2829407870
400,100,1,1,4737566105
400,100,1,4,3040175362
400,100,1,8,2944388098
400,100,1,32,2713022452
400,100,1,64,2683521925
400,200,1,1,6720179804
400,200,1,4,3530992032
400,200,1,8,3061524303
400,200,1,32,2843734781
400,200,1,64,2766200600
400,300,1,1,8822061862
400,300,1,4,3902088587
400,300,1,8,3255287990
400,300,1,32,2814311138
400,300,1,64,2642559683
400,400,1,1,10587420901
400,400,1,4,4507210589
400,400,1,8,3481170699
400,400,1,32,2913693575
400,400,1,64,2811406439
400,500,1,1,12376155907
400,500,1,4,5328803115
400,500,1,8,3886938932
400,500,1,32,3378071792
400,500,1,64,2946119634
400,600,1,1,15444339696
400,600,1,4,5271664330
400,600,1,8,3903511387
400,600,1,32,3023254225
400,600,1,64,3153090077
400,700,1,1,16933489116
400,700,1,4,6223038613
400,700,1,8,4344893686
400,700,1,32,3265311720
400,700,1,64,2944743005
400,800,1,1,19038670436
400,800,1,4,6292083002
400,800,1,8,4562140504
400,800,1,32,3188102640
400,800,1,64,2947615977
400,900,1,1,21228838864
400,900,1,4,6752731354
400,900,1,8,4697185683
400,900,1,32,3246903624
400,900,1,64,2966326869
400,1000,1,1,22904816143
400,1000,1,4,7306054279
400,1000,1,8,5047382306
400,1000,1,32,3229788440
400,1000,1,64,2995716562
500,100,1,1,5287217829
500,100,1,4,3336561419
500,100,1,8,3043274730
500,100,1,32,2831321536
500,100,1,64,2791300603
500,200,1,1,7975736779
500,200,1,4,3886457498
500,200,1,8,3331061549
500,200,1,32,2826591146
500,200,1,64,2687627159
500,300,1,1,9899605198
500,300,1,4,4295818926
500,300,1,8,3404904365
500,300,1,32,2975813537
500,300,1,64,2901158639
500,400,1,1,12994073365
500,400,1,4,4911374375
500,400,1,8,3798127931
500,400,1,32,3005256399
500,400,1,64,2861151883
500,500,1,1,15623692484
500,500,1,4,5759826320
500,500,1,8,4086216695
500,500,1,32,3087251151
500,500,1,64,2886315511
500,600,1,1,17631335541
500,600,1,4,6232452654
500,600,1,8,4365201890
500,600,1,32,3141564151
500,600,1,64,2948637420
500,700,1,1,20472842473
500,700,1,4,6581785329
500,700,1,8,4653252302
500,700,1,32,3176492886
500,700,1,64,2930169622
500,800,1,1,22653503715
500,800,1,4,7203617111
500,800,1,8,5020814398
500,800,1,32,3279541681
500,800,1,64,2974285505
500,900,1,1,25348250106
500,900,1,4,7897209950
500,900,1,8,5157806573
500,900,1,32,3287465220
500,900,1,64,3052395803
500,1000,1,1,28467836889
500,1000,1,4,8356649579
500,1000,1,8,5422734731
500,1000,1,32,3416671293
500,1000,1,64,3083184615
600,100,1,1,6169438989
600,100,1,4,3515934828
600,100,1,8,3244323723
600,100,1,32,2868564075
600,100,1,64,2825906935
600,200,1,1,9119863035
600,200,1,4,4172585901
600,200,1,8,3437899349
600,200,1,32,2887051579
600,200,1,64,2806321685
600,300,1,1,12467596759
600,300,1,4,4782638322
600,300,1,8,3791863488
600,300,1,32,2973866770
600,300,1,64,2833089407
600,400,1,1,15262615815
600,400,1,4,5482295689
600,400,1,8,4323661933
600,400,1,32,3143922267
600,400,1,64,2852750980
600,500,1,1,18611057896
600,500,1,4,6024243180
600,500,1,8,4319226084
600,500,1,32,3103567239
600,500,1,64,3136907028
600,600,1,1,21183089723
600,600,1,4,6572465574
600,600,1,8,4621048439
600,600,1,32,3161799008
600,600,1,64,2925919392
600,700,1,1,23913736631
600,700,1,4,7704114773
600,700,1,8,5165058514
600,700,1,32,3298360596
600,700,1,64,3085360811
600,800,1,1,26741395036
600,800,1,4,8021785991
600,800,1,8,5524260663
600,800,1,32,3444213625
600,800,1,64,3095010733
600,900,1,1,29869473931
600,900,1,4,8509002601
600,900,1,8,5689195560
600,900,1,32,3552088508
600,900,1,64,3102100763
600,1000,1,1,34422838180
600,1000,1,4,9805160068
600,1000,1,8,6091501665
600,1000,1,32,3573395002
600,1000,1,64,3243898487
700,100,1,1,6681619662
700,100,1,4,3651167166
700,100,1,8,3205070778
700,100,1,32,2911310001
700,100,1,64,2805562553
700,200,1,1,10017603831
700,200,1,4,4398531952
700,200,1,8,3622364904
700,200,1,32,2969505672
700,200,1,64,2894362661
700,300,1,1,13507480356
700,300,1,4,5164105059
700,300,1,8,3934296122
700,300,1,32,3064571205
700,300,1,64,2894314752
700,400,1,1,17125293024
700,400,1,4,6083067880
700,400,1,8,4302776858
700,400,1,32,3139773958
700,400,1,64,2956791060
700,500,1,1,21242292591
700,500,1,4,6697091660
700,500,1,8,4694422117
700,500,1,32,3225225074
700,500,1,64,2981739835
700,600,1,1,25085938342
700,600,1,4,7486425751
700,600,1,8,5143254236
700,600,1,32,3316264250
700,600,1,64,3059140196
700,700,1,1,28168468642
700,700,1,4,8490027314
700,700,1,8,5356432627
700,700,1,32,3399286097
700,700,1,64,3071532455
700,800,1,1,30217944579
700,800,1,4,8991165170
700,800,1,8,5852613159
700,800,1,32,3476438031
700,800,1,64,3097474951
700,900,1,1,34449896112
700,900,1,4,9952862192
700,900,1,8,6308441936
700,900,1,32,3690414347
700,900,1,64,3217922350
700,1000,1,1,37707009512
700,1000,1,4,10714036185
700,1000,1,8,6646905737
700,1000,1,32,3725197200
700,1000,1,64,3233364111
800,100,1,1,6924081575
800,100,1,4,3754507624
800,100,1,8,3239888670
800,100,1,32,2861071754
800,100,1,64,2819015028
800,200,1,1,10964380984
800,200,1,4,4562287683
800,200,1,8,3709208806
800,200,1,32,2971908404
800,200,1,64,2871963171
800,300,1,1,15273225546
800,300,1,4,5542342898
800,300,1,8,4065516426
800,300,1,32,3117511566
800,300,1,64,2897010962
800,400,1,1,18766792968
800,400,1,4,6016210981
800,400,1,8,4422595661
800,400,1,32,3069400732
800,400,1,64,2802803316
800,500,1,1,22612684570
800,500,1,4,7281269133
800,500,1,8,5040573390
800,500,1,32,3177667409
800,500,1,64,2869899336
800,600,1,1,25835283309
800,600,1,4,7752729799
800,600,1,8,5114126915
800,600,1,32,3237809628
800,600,1,64,2938111097
800,700,1,1,29812263492
800,700,1,4,8442031325
800,700,1,8,5564359683
800,700,1,32,3362726206
800,700,1,64,2988349696
800,800,1,1,33360727024
800,800,1,4,9320873042
800,800,1,8,6081039225
800,800,1,32,3468034853
800,800,1,64,3036663541
800,900,1,1,37076229597
800,900,1,4,10391336348
800,900,1,8,6334001865
800,900,1,32,3535795829
800,900,1,64,3070165965
800,1000,1,1,39542222628
800,1000,1,4,11089535909
800,1000,1,8,6981749639
800,1000,1,32,3685615599
800,1000,1,64,3123012629
900,100,1,1,7098077534
900,100,1,4,3617831560
900,100,1,8,3127758708
900,100,1,32,2736613462
900,100,1,64,2671099605
900,200,1,1,11600837800
900,200,1,4,4518197058
900,200,1,8,3548682284
900,200,1,32,2893493234
900,200,1,64,2755504021
900,300,1,1,15548134849
900,300,1,4,5634440012
900,300,1,8,4116119598
900,300,1,32,2959342239
900,300,1,64,2799524024
900,400,1,1,20224196314
900,400,1,4,6373008860
900,400,1,8,4494806121
900,400,1,32,3091151500
900,400,1,64,2865640652
900,500,1,1,23692287914
900,500,1,4,7450006653
900,500,1,8,4962758835
900,500,1,32,3203496304
900,500,1,64,2895085066
900,600,1,1,29112714842
900,600,1,4,8414544216
900,600,1,8,5450866116
900,600,1,32,3299224106
900,600,1,64,3016605736
900,700,1,1,32240677512
900,700,1,4,9216234991
900,700,1,8,6027805145
900,700,1,32,3419336258
900,700,1,64,3025660183
900,800,1,1,38789445812
900,800,1,4,10166257920
900,800,1,8,6305147325
900,800,1,32,3569312351
900,800,1,64,3076685766
900,900,1,1,43062498406
900,900,1,4,11140301010
900,900,1,8,7105719963
900,900,1,32,3729063446
900,900,1,64,3140640103
900,1000,1,1,46478310528
900,1000,1,4,12035826821
900,1000,1,8,7496516583
900,1000,1,32,3797809259
900,1000,1,64,3197918169
1000,100,1,1,7661924483
1000,100,1,4,3737662682
1000,100,1,8,3176982679
1000,100,1,32,2747116888
1000,100,1,64,2666982044
1000,200,1,1,12378680969
1000,200,1,4,4752956966
1000,200,1,8,3698208748
1000,200,1,32,2855618770
1000,200,1,64,2747765302
1000,300,1,1,17818564182
1000,300,1,4,5775794979
1000,300,1,8,4187004970
1000,300,1,32,3010276437
1000,300,1,64,2809551622
1000,400,1,1,21667317204
1000,400,1,4,6905529688
1000,400,1,8,4725813559
1000,400,1,32,3144816025
1000,400,1,64,2896021800
1000,500,1,1,26061049602
1000,500,1,4,7745053393
1000,500,1,8,5283276626
1000,500,1,32,3280764051
1000,500,1,64,2975816727
1000,600,1,1,30905843538
1000,600,1,4,8985402933
1000,600,1,8,5747924481
1000,600,1,32,3403734210
1000,600,1,64,3021828333
1000,700,1,1,37399477321
1000,700,1,4,9832614356
1000,700,1,8,6214015848
1000,700,1,32,3511787852
1000,700,1,64,3072048630
1000,800,1,1,40403137217
1000,800,1,4,11402202523
1000,800,1,8,6751489098
1000,800,1,32,3679505139
1000,800,1,64,3173450975
1000,900,1,1,45766909582
1000,900,1,4,12221959467
1000,900,1,8,7291673383
1000,900,1,32,3742557399
1000,900,1,64,3236536337
1000,1000,1,1,50298211943
1000,1000,1,4,13145171201
1000,1000,1,8,7888455831
1000,1000,1,32,3907733225
1000,1000,1,64,3256299321
1000,1000,1,8,11045572690
1000,1000,1,32,4037903007
1000,1000,1,64,3365489210
1000,2000,1,8,13805594316
1000,2000,1,32,5262872670
1000,2000,1,64,4059544945
1000,3000,1,8,18937605271
1000,3000,1,32,6965847663
1000,3000,1,64,4709331621
1000,4000,1,8,25048419595
1000,4000,1,32,8359006833
1000,4000,1,64,5449300257
1000,5000,1,8,30908827730
1000,5000,1,32,9768209659
1000,5000,1,64,6241013188
1000,6000,1,8,37193518219
1000,6000,1,32,11217703190
1000,6000,1,64,6862504730
1000,7000,1,8,43010521613
1000,7000,1,32,12944516889
1000,7000,1,64,7545446221
1000,8000,1,8,49662068464
1000,8000,1,32,13238118246
1000,8000,1,64,8234338896
1000,9000,1,8,53312877288
1000,9000,1,32,15551737687
1000,9000,1,64,8884212815
1000,10000,1,8,60327168258
1000,10000,1,32,17359502169
1000,10000,1,64,9806497157
2000,1000,1,8,14564074275
2000,1000,1,32,5385211922
2000,1000,1,64,4402373525
2000,2000,1,8,24874404137
2000,2000,1,32,8279254143
2000,2000,1,64,5252519381
2000,3000,1,8,37061066079
2000,3000,1,32,10913555704
2000,3000,1,64,6777755191
2000,4000,1,8,47535957563
2000,4000,1,32,13485567092
2000,4000,1,64,8374863529
2000,5000,1,8,58749016544
2000,5000,1,32,16681282682
2000,5000,1,64,9957363907
2000,6000,1,8,71616764565
2000,6000,1,32,19817034550
2000,6000,1,64,11629201729
2000,7000,1,8,81786659306
2000,7000,1,32,21658385198
2000,7000,1,64,12794602842
2000,8000,1,8,94767464562
2000,8000,1,32,24612366290
2000,8000,1,64,13718837569
2000,9000,1,8,101166693541
2000,9000,1,32,28695377562
2000,9000,1,64,15043816695
2000,10000,1,8,111753204099
2000,10000,1,32,29787124749
2000,10000,1,64,15604960548
3000,1000,1,8,19431064523
3000,1000,1,32,6779010479
3000,1000,1,64,4673483676
3000,2000,1,8,35330157033
3000,2000,1,32,10919752932
3000,2000,1,64,6216361786
3000,3000,1,8,51360739754
3000,3000,1,32,14253633992
3000,3000,1,64,8977699003
3000,4000,1,8,68276996636
3000,4000,1,32,18621587716
3000,4000,1,64,10799224362
3000,5000,1,8,85787735551
3000,5000,1,32,24108289448
3000,5000,1,64,13449336582
3000,6000,1,8,105076789564
3000,6000,1,32,27969723582
3000,6000,1,64,15195128004
3000,7000,1,8,124326660873
3000,7000,1,32,31327990365
3000,7000,1,64,17417095591
3000,8000,1,8,130097395433
3000,8000,1,32,32869466668
3000,8000,1,64,17074980438
3000,9000,1,8,149251364893
3000,9000,1,32,36911219838
3000,9000,1,64,19916669482
3000,10000,1,8,158028286367
3000,10000,1,32,44045984446
3000,10000,1,64,21258257499
4000,1000,1,8,24194914556
4000,1000,1,32,7938226519
4000,1000,1,64,5104602234
4000,2000,1,8,43372165789
4000,2000,1,32,13321641463
4000,2000,1,64,7601232406
4000,3000,1,8,67571570610
4000,3000,1,32,17679242457
4000,3000,1,64,10631698134
4000,4000,1,8,87916796010
4000,4000,1,32,22958095347
4000,4000,1,64,13219965764
4000,5000,1,8,110647593228
4000,5000,1,32,30444836622
4000,5000,1,64,15340177157
4000,6000,1,8,133685787176
4000,6000,1,32,34856918089
4000,6000,1,64,18833063736
4000,7000,1,8,152045150873
4000,7000,1,32,39126274909
4000,7000,1,64,21553515938
4000,8000,1,8,169460023197
4000,8000,1,32,42509351588
4000,8000,1,64,23808914441
4000,9000,1,8,186422467300
4000,9000,1,32,48191480669
4000,9000,1,64,26146721352
4000,10000,1,8,214538584070
4000,10000,1,32,55381138820
4000,10000,1,64,29178583754
5000,1000,1,8,28867874458
5000,1000,1,32,8986624925
5000,1000,1,64,5867512774
5000,2000,1,8,55740744795
5000,2000,1,32,16448309785
5000,2000,1,64,9491197611
5000,3000,1,8,83905506068
5000,3000,1,32,22751673081
5000,3000,1,64,12145731321
5000,4000,1,8,110242826306
5000,4000,1,32,27644888289
5000,4000,1,64,15366805548
5000,5000,1,8,136336210283
5000,5000,1,32,36173845395
5000,5000,1,64,18348286533
5000,6000,1,8,157617722546
5000,6000,1,32,42110251483
5000,6000,1,64,22230560742
5000,7000,1,8,182838942348
5000,7000,1,32,46934928085
5000,7000,1,64,25912910567
5000,8000,1,8,215722909365
5000,8000,1,32,52858404704
5000,8000,1,64,28122907542
5000,9000,1,8,239665978533
5000,9000,1,32,63425546428
5000,9000,1,64,32116418189
5000,10000,1,8,265538409138
5000,10000,1,32,68807650767
5000,10000,1,64,35139129316
6000,1000,1,8,34235114119
6000,1000,1,32,10927653809
6000,1000,1,64,6260340818
6000,2000,1,8,65436432852
6000,2000,1,32,18393715820
6000,2000,1,64,10356873898
6000,3000,1,8,99150127875
6000,3000,1,32,25802497868
6000,3000,1,64,14512700985
6000,4000,1,8,122366214189
6000,4000,1,32,33636190391
6000,4000,1,64,18044421158
6000,5000,1,8,165551989694
6000,5000,1,32,42661230575
6000,5000,1,64,21527232899
6000,6000,1,8,186839700528
6000,6000,1,32,50175868785
6000,6000,1,64,25445599857
6000,7000,1,8,217257623635
6000,7000,1,32,54342734620
6000,7000,1,64,30707122190
6000,8000,1,8,271962403249
6000,8000,1,32,70800740229
6000,8000,1,64,36868632313
6000,9000,1,8,304140803734
6000,9000,1,32,80212346195
6000,9000,1,64,41326435323
6000,10000,1,8,339976530569
6000,10000,1,32,88486181797
6000,10000,1,64,45221170775
7000,1000,1,8,43317932510
7000,1000,1,32,12770262831
7000,1000,1,64,7758370309
7000,2000,1,8,80473300935
7000,2000,1,32,21976932591
7000,2000,1,64,12568246038
7000,3000,1,8,122496062390
7000,3000,1,32,33505774970
7000,3000,1,64,17961035603
7000,4000,1,8,161409645375
7000,4000,1,32,41371955143
7000,4000,1,64,23418722456
7000,5000,1,8,200001864165
7000,5000,1,32,51333773778
7000,5000,1,64,27831316202
7000,6000,1,8,233026594878
7000,6000,1,32,55868439025
7000,6000,1,64,29545512154
7000,7000,1,8,263598308485
7000,7000,1,32,68134621750
7000,7000,1,64,34343742705
7000,8000,1,8,307254101517
7000,8000,1,32,82951339856
7000,8000,1,64,41931131200
7000,9000,1,8,364758531735
7000,9000,1,32,91844843170
7000,9000,1,64,46280803910
7000,10000,1,8,393344165380
7000,10000,1,32,99225329052
7000,10000,1,64,52326658171
8000,1000,1,8,47531453812
8000,1000,1,32,13794282893
8000,1000,1,64,8296890421
8000,2000,1,8,92515744608
8000,2000,1,32,24891298596
8000,2000,1,64,14052655116
8000,3000,1,8,136639756396
8000,3000,1,32,36712813085
8000,3000,1,64,19477720739
8000,4000,1,8,186601916747
8000,4000,1,32,46205905476
8000,4000,1,64,24129013066
8000,5000,1,8,214379276050
8000,5000,1,32,53884292996
8000,5000,1,64,29999190943
8000,6000,1,8,256950633107
8000,6000,1,32,68431388117
8000,6000,1,64,34430166863
8000,7000,1,8,297602510507
8000,7000,1,32,72640223939
8000,7000,1,64,38574420141
8000,8000,1,8,344376016267
8000,8000,1,32,93671036976
8000,8000,1,64,48163353355
8000,9000,1,8,412697856572
8000,9000,1,32,104232590967
8000,9000,1,64,52971177615
8000,10000,1,8,467468393663
8000,10000,1,32,116518688869
8000,10000,1,64,61136577455
9000,1000,1,8,53659103681
9000,1000,1,32,16108228840
9000,1000,1,64,9710564600
9000,2000,1,8,105165525075
9000,2000,1,32,28107539086
9000,2000,1,64,15811064230
9000,3000,1,8,157689903943
9000,3000,1,32,41645797617
9000,3000,1,64,22018616430
9000,4000,1,8,202178295447
9000,4000,1,32,50045513831
9000,4000,1,64,26806959109
9000,5000,1,8,247274575437
9000,5000,1,32,62715086812
9000,5000,1,64,33338501613
9000,6000,1,8,285759853440
9000,6000,1,32,71921485938
9000,6000,1,64,38135743131
9000,7000,1,8,342796016620
9000,7000,1,32,88331287562
9000,7000,1,64,43564990632
9000,8000,1,8,388796473079
9000,8000,1,32,106030571038
9000,8000,1,64,53059521489
9000,9000,1,8,460102615796
9000,9000,1,32,114212347197
9000,9000,1,64,62530700426
9000,10000,1,8,507920568762
9000,10000,1,32,130784483126
9000,10000,1,64,65185537599
10000,1000,1,8,60614645040
10000,1000,1,32,16123711198
10000,1000,1,64,10017233280
10000,2000,1,8,119033756760
10000,2000,1,32,30847426924
10000,2000,1,64,17100431090
10000,3000,1,8,172915927061
10000,3000,1,32,45585408037
10000,3000,1,64,23690466681
10000,4000,1,8,232013007662
10000,4000,1,32,59176517235
10000,4000,1,64,31788588515
10000,5000,1,8,288988806542
10000,5000,1,32,72781802615
10000,5000,1,64,37667743298
10000,6000,1,8,334914232486
10000,6000,1,32,85397554282
10000,6000,1,64,43969655339
10000,7000,1,8,391231535238
10000,7000,1,32,98057818065
10000,7000,1,64,48892451622
10000,8000,1,8,456487452913
10000,8000,1,32,111666324963
10000,8000,1,64,57832759576
10000,9000,1,8,489683035990
10000,9000,1,32,124647846242
10000,9000,1,64,65312930824
10000,10000,1,8,543245449417
10000,10000,1,32,135392571655
10000,10000,1,64,68220946622
